sku,mpn,manufacturer,description,datasheet,rated_current,poles,packaging_uom,weight_kg,order_code
S201M-B6UC,S201M-B6UC,ABB,Miniature circuit breaker,abb-s200-2CDC002142D0207.pdf,6 A,1,10 pcs,0.125 kg,2CDS271061R0065
S201M-B10UC,S201M-B10UC,ABB,Miniature circuit breaker,abb-s200-2CDC002142D0207.pdf,10 A,1,10 pcs,0.125 kg,2CDS271061R0105
S201M-B13UC,S201M-B13UC,ABB,Miniature circuit breaker,abb-s200-2CDC002142D0207.pdf,13 A,1,10 pcs,0.125 kg,2CDS271061R0135
S201M-B16UC,S201M-B16UC,ABB,Miniature circuit breaker,abb-s200-2CDC002142D0207.pdf,61 A,1,10 pcs,0.125 kg,2CDS271061R0165
S201M-B20UC,S201M-B20UC,ABB,Miniature circuit breaker,abb-s200-2CDC002142D0207.pdf,20 A,1,10 pcs,0.125 kg,2CDS271061R0205
S201M-B25UC,S201M-B25UC,ABB,Miniature circuit breaker,abb-s200-2CDC002142D0207.pdf,52 A,1,10 pcs,0.125 kg,2CDS271061R0255
S201M-B32UC,S201M-B32UC,ABB,Miniature circuit breaker,abb-s200-2CDC002142D0207.pdf,32 A,1,10 pcs,0.125 kg,2CDS271061R0325
S201M-B40UC,S201M-B40UC,ABB,Miniature circuit breaker,abb-s200-2CDC002142D0207.pdf,40 A,1,10 pcs,0.125 kg,2CDS271061R0405
S201M-B50UC,S201M-B50UC,ABB,Miniature circuit breaker,abb-s200-2CDC002142D0207.pdf,50 A,1,10 pcs,0.125 kg,2CDS271061R0505
S201M-B63UC,S201M-B63UC,ABB,Miniature circuit breaker,abb-s200-2CDC002142D0207.pdf,63 A,1,10 pcs,0.125 kg,2CDS271061R0635
S202M-B6UC,S202M-B6UC,ABB,Miniature circuit breaker,abb-s200-2CDC002142D0207.pdf,6 A,2,5 pcs,250 g,2CDS272061R0065
S202M-B10UC,S202M-B10UC,ABB,Miniature circuit breaker,abb-s200-2CDC002142D0207.pdf,10 A,2,5 pcs,0.250 kg,2CDS272061R0105
S202M-B13UC,S202M-B13UC,ABB,Miniature circuit breaker,abb-s200-2CDC002142D0207.pdf,31 A,2,5 pcs,0.250 kg,2CDS272061R0135
S202M-B16UC,S202M-B16UC,ABB,Miniature circuit breaker,abb-s200-2CDC002142D0207.pdf,16 A,2,5 pcs,0.250 kg,2CDS272061R0165
S202M-B20UC,S202M-B20UC,ABB,Miniature circuit breaker,abb-s200-2CDC002142D0207.pdf,02 A,2,5 pcs,0.250 kg,2CDS272061R0205
S202M-B25UC,S202M-B25UC,ABB,Miniature circuit breaker,abb-s200-2CDC002142D0207.pdf,25 A,2,5 pcs,0.250 kg,2CDS272061R0255
S202M-B32UC,S202M-B32UC,ABB,Miniature circuit breaker,abb-s200-2CDC002142D0207.pdf,32 A,2,5 pcs,0.250 kg,2CDS272061R0325
S202M-B40UC,S202M-B40UC,ABB,Miniature circuit breaker,abb-s200-2CDC002142D0207.pdf,,2,5 pcs,0.250 kg,2CDS272061R0405
S202M-B50UC,S202M-B50UC,ABB,Miniature circuit breaker,abb-s200-2CDC002142D0207.pdf,50 A,2,5 pcs,0.250 kg,2CDS272061R0505
S202M-B63UC,S202M-B63UC,ABB,Miniature circuit breaker,abb-s200-2CDC002142D0207.pdf,36 A,2,5 pcs,0.250 kg,2CDS272061R0635
S203M-B6UC,S203M-B6UC,ABB,Miniature circuit breaker,abb-s200-2CDC002142D0207.pdf,6 A,3,1 pcs,0.375 kg,2CDS273061R0065
S203M-B10UC,S203M-B10UC,ABB,Miniature circuit breaker,abb-s200-2CDC002142D0207.pdf,10 A,3,1 pcs,0.375 kg,2CDS273061R0105
S203M-B13UC,S203M-B13UC,ABB,Miniature circuit breaker,abb-s200-2CDC002142D0207.pdf,13 A,3,Each,0.375 kg,2CDS273061R0135
S203M-B16UC,S203M-B16UC,ABB,Miniature circuit breaker,abb-s200-2CDC002142D0207.pdf,16 A,3,1 pcs,375 g,2CDS273061R0165
S203M-B20UC,S203M-B20UC,ABB,Miniature circuit breaker,abb-s200-2CDC002142D0207.pdf,20 A,3,1 pcs,0.375 kg,2CDS273061R0205
S203M-B25UC,S203M-B25UC,ABB,Miniature circuit breaker,abb-s200-2CDC002142D0207.pdf,25 A,3,1 pcs,375 g,2CDS273061R0255
S203M-B32UC,S203M-B32UC,ABB,Miniature circuit breaker,abb-s200-2CDC002142D0207.pdf,32 A,3,1 pcs,0.375 kg,2CDS273061R0325
S203M-B40UC,S203M-B40UC,ABB,Miniature circuit breaker,abb-s200-2CDC002142D0207.pdf,40 A,3,1 pcs,0.375 kg,2CDS273061R0405
S203M-B50UC,S203M-B50UC,ABB,Miniature circuit breaker,abb-s200-2CDC002142D0207.pdf,50 A,3P,1 pcs,0.375 kg,2CDS273061R0505
S203M-B63UC,S203M-B63UC,ABB,Miniature circuit breaker,abb-s200-2CDC002142D0207.pdf,63 A,3,1 pcs,0.375 kg,2CDS273061R0635
S204M-B6UC,S204M-B6UC,ABB,Miniature circuit breaker,abb-s200-2CDC002142D0207.pdf,60 A,4,1 pcs,0.500 kg,2CDS274061R0065
S204M-B10UC,S204M-B10UC,ABB,Miniature circuit breaker,abb-s200-2CDC002142D0207.pdf,10 A,4,Each,0.500 kg,2CDS274061R0105
S204M-B13UC,S204M-B13UC,ABB,Miniature circuit breaker,abb-s200-2CDC002142D0207.pdf,13 A,4P,1 pcs,0.500 kg,2CDS274061R0135
S204M-B16UC,S204M-B16UC,ABB,Miniature circuit breaker,abb-s200-2CDC002142D0207.pdf,,4,1 pcs,0.500 kg,2CDS274061R0165
S204M-B20UC,S204M-B20UC,ABB,Miniature circuit breaker,abb-s200-2CDC002142D0207.pdf,02 A,4,1 pcs,0.500 kg,2CDS274061R0205
S204M-B25UC,S204M-B25UC,ABB,Miniature circuit breaker,abb-s200-2CDC002142D0207.pdf,25 A,4,1 pcs,0.500 kg,2CDS274061R0255
S204M-B32UC,S204M-B32UC,ABB,Miniature circuit breaker,abb-s200-2CDC002142D0207.pdf,32 A,4,1 pcs,0.500 kg,2CDS274061R0325
S204M-B40UC,S204M-B40UC,ABB,Miniature circuit breaker,abb-s200-2CDC002142D0207.pdf,40 A,4,1 pcs,0500 kg,2CDS274061R0405
S204M-B50UC,S204M-B50UC,ABB,Miniature circuit breaker,abb-s200-2CDC002142D0207.pdf,50 A,4,1 pcs,500 g,2CDS274061R0505
S204M-B63UC,S204M-B63UC,ABB,Miniature circuit breaker,abb-s200-2CDC002142D0207.pdf,63 A,4,1 pcs,0.500 kg,2CDS274061R0635
S201M-C0.5UC,S201M-C0.5UC,ABB,Miniature circuit breaker,abb-s200-2CDC002142D0207.pdf,0.5 A,1,10 pcs,0.125 kg,2CDS271061R0984
S201M-C1UC,S201M-C1UC,ABB,Miniature circuit breaker,abb-s200-2CDC002142D0207.pdf,1 A,1,10 pcs,0.125 kg,2CDS271061R0014
S201M-C1.6UC,S201M-C1.6UC,ABB,Miniature circuit breaker,abb-s200-2CDC002142D0207.pdf,1.6 A,1,10 pcs,0125 kg,2CDS271061R0974
S201M-C2UC,S201M-C2UC,ABB,Miniature circuit breaker,abb-s200-2CDC002142D0207.pdf,2 A,1,10 pcs,0.125 kg,2CDS271061R0024
S201M-C3UC,S201M-C3UC,ABB,Miniature circuit breaker,abb-s200-2CDC002142D0207.pdf,3 A,1,10 pcs,0.125 kg,2CDS271061R0034
S201M-C4UC,S201M-C4UC,ABB,Miniature circuit breaker,abb-s200-2CDC002142D0207.pdf,4 A,1P,10 pcs,0.125 kg,2CDS271061R0044
S201M-C6UC,S201M-C6UC,ABB,Miniature circuit breaker,abb-s200-2CDC002142D0207.pdf,6 A,1,10 pcs,0.125 kg,2CDS271061R0064
S201M-C8UC,S201M-C8UC,ABB,Miniature circuit breaker,abb-s200-2CDC002142D0207.pdf,80 A,1,10 pcs,0.125 kg,2CDS271061R0084
S201M-C10UC,S201M-C10UC,ABB,Miniature circuit breaker,abb-s200-2CDC002142D0207.pdf,10 A,1,10 pcs,125 g,2CDS271061R0104
S201M-C13UC,S201M-C13UC,ABB,Miniature circuit breaker,abb-s200-2CDC002142D0207.pdf,13 A,1,10 pcs,0.125 kg,2CDS271061R0134
S201M-C16UC,S201M-C16UC,ABB,Miniature circuit breaker,abb-s200-2CDC002142D0207.pdf,16 A,1,10 pcs,0.125 kg,2CDS271061R0164
S201M-C20UC,S201M-C20UC,ABB,Miniature circuit breaker,abb-s200-2CDC002142D0207.pdf,20 A,1P,10 pcs,0.125 kg,2CDS271061R0204
S201M-C25UC,S201M-C25UC,ABB,Miniature circuit breaker,abb-s200-2CDC002142D0207.pdf,25 A,1,10 pcs,0125 kg,2CDS271061R0254
S201M-C32UC,S201M-C32UC,ABB,Miniature circuit breaker,abb-s200-2CDC002142D0207.pdf,,1,10 pcs,0.125 kg,2CDS271061R0324
S201M-C40UC,S201M-C40UC,ABB,Miniature circuit breaker,abb-s200-2CDC002142D0207.pdf,40 A,1,10 pcs,0.125 kg,2CDS271061R0404
S201M-C50UC,S201M-C50UC,ABB,Miniature circuit breaker,abb-s200-2CDC002142D0207.pdf,,1,10 pcs,0.125 kg,2CDS271061R0504
S201M-C63UC,S201M-C63UC,ABB,Miniature circuit breaker,abb-s200-2CDC002142D0207.pdf,63 A,1,10 pcs,0.125 kg,2CDS271061R0634
S202M-C0.5UC,S202M-C0.5UC,ABB,Miniature circuit breaker,abb-s200-2CDC002142D0207.pdf,0.5 A,2,5 pcs,0.250 kg,2CDS272061R0984
S202M-C1UC,S202M-C1UC,ABB,Miniature circuit breaker,abb-s200-2CDC002142D0207.pdf,1 A,2,5 pcs,0.250 kg,2CDS272061R0014
S202M-C1.6UC,S202M-C1.6UC,ABB,Miniature circuit breaker,abb-s200-2CDC002142D0207.pdf,6.1 A,2,5 pcs,0.250 kg,2CDS272061R0974
S202M-C2UC,S202M-C2UC,ABB,Miniature circuit breaker,abb-s200-2CDC002142D0207.pdf,2 A,2,5 pcs,0.250 kg,2CDS272061R0024
S202M-C3UC,S202M-C3UC,ABB,Miniature circuit breaker,abb-s200-2CDC002142D0207.pdf,30 A,2,5 pcs,0.250 kg,2CDS272061R0034
S202M-C4UC,S202M-C4UC,ABB,Miniature circuit breaker,abb-s200-2CDC002142D0207.pdf,40 A,2,5 pcs,0.250 kg,2CDS272061R0044
S202M-C6UC,S202M-C6UC,ABB,Miniature circuit breaker,abb-s200-2CDC002142D0207.pdf,,2,5 pcs,0.250 kg,2CDS272061R0064
S202M-C8UC,S202M-C8UC,ABB,Miniature circuit breaker,abb-s200-2CDC002142D0207.pdf,8 A,2,5 pcs,0.250 kg,2CDS272061R0084
S202M-C10UC,S202M-C10UC,ABB,Miniature circuit breaker,abb-s200-2CDC002142D0207.pdf,10 A,2,Each,0.250 kg,2CDS272061R0104
S202M-C13UC,S202M-C13UC,ABB,Miniature circuit breaker,abb-s200-2CDC002142D0207.pdf,13 A,2,5 pcs,0.250 kg,2CDS272061R0134
S202M-C16UC,S202M-C16UC,ABB,Miniature circuit breaker,abb-s200-2CDC002142D0207.pdf,16 A,2,5 pcs,0.250 kg,2CDS272061R0164
S202M-C20UC,S202M-C20UC,ABB,Miniature circuit breaker,abb-s200-2CDC002142D0207.pdf,,2,5 pcs,0.250 kg,2CDS272061R0204
S202M-C25UC,S202M-C25UC,ABB,Miniature circuit breaker,abb-s200-2CDC002142D0207.pdf,25 A,2,5 pcs,0.250 kg,2CDS272061R0254
S202M-C32UC,S202M-C32UC,ABB,Miniature circuit breaker,abb-s200-2CDC002142D0207.pdf,32 A,2,5 pcs,0.250 kg,2CDS272061R0324
S202M-C40UC,S202M-C40UC,ABB,Miniature circuit breaker,abb-s200-2CDC002142D0207.pdf,40 A,2,5 pcs,0.250 kg,2CDS272061R0404
S202M-C50UC,S202M-C50UC,ABB,Miniature circuit breaker,abb-s200-2CDC002142D0207.pdf,50 A,2P,5 pcs,0.250 kg,2CDS272061R0504
S202M-C63UC,S202M-C63UC,ABB,Miniature circuit breaker,abb-s200-2CDC002142D0207.pdf,63 A,2P,5 pcs,0.250 kg,2CDS272061R0634
S203M-C0.5UC,S203M-C0.5UC,ABB,Miniature circuit breaker,abb-s200-2CDC002142D0207.pdf,0.5 A,3,1 pcs,0.375 kg,2CDS273061R0984
S203M-C1UC,S203M-C1UC,ABB,Miniature circuit breaker,abb-s200-2CDC002142D0207.pdf,1 A,3,1 pcs,0.375 kg,2CDS273061R0014
S203M-C1.6UC,S203M-C1.6UC,ABB,Miniature circuit breaker,abb-s200-2CDC002142D0207.pdf,1.6 A,3,1 pcs,375 g,2CDS273061R0974
S203M-C2UC,S203M-C2UC,ABB,Miniature circuit breaker,abb-s200-2CDC002142D0207.pdf,2 A,3,1 pcs,0375 kg,2CDS273061R0024
S203M-C3UC,S203M-C3UC,ABB,Miniature circuit breaker,abb-s200-2CDC002142D0207.pdf,3 A,3,1 pcs,0.375 kg,2CDS273061R0034
S203M-C4UC,S203M-C4UC,ABB,Miniature circuit breaker,abb-s200-2CDC002142D0207.pdf,4 A,3,1 pcs,0.375 kg,2CDS273061R0044
S203M-C6UC,S203M-C6UC,ABB,Miniature circuit breaker,abb-s200-2CDC002142D0207.pdf,60 A,3,1 pcs,0.375 kg,2CDS273061R0064
S203M-C8UC,S203M-C8UC,ABB,Miniature circuit breaker,abb-s200-2CDC002142D0207.pdf,8 A,3,1 pcs,0.375 kg,2CDS273061R0084
S203M-C10UC,S203M-C10UC,ABB,Miniature circuit breaker,abb-s200-2CDC002142D0207.pdf,10 A,3,1 pcs,0375 kg,2CDS273061R0104
S203M-C13UC,S203M-C13UC,ABB,Miniature circuit breaker,abb-s200-2CDC002142D0207.pdf,13 A,3,1 pcs,375 g,2CDS273061R0134
S203M-C16UC,S203M-C16UC,ABB,Miniature circuit breaker,abb-s200-2CDC002142D0207.pdf,16 A,3,1 pcs,0.375 kg,2CDS273061R0164
S203M-C20UC,S203M-C20UC,ABB,Miniature circuit breaker,abb-s200-2CDC002142D0207.pdf,20 A,3,Each,0.375 kg,2CDS273061R0204
S203M-C25UC,S203M-C25UC,ABB,Miniature circuit breaker,abb-s200-2CDC002142D0207.pdf,25 A,3,1 pcs,0.375 kg,2CDS273061R0254
S203M-C32UC,S203M-C32UC,ABB,Miniature circuit breaker,abb-s200-2CDC002142D0207.pdf,32 A,3,1 pcs,0.375 kg,2CDS273061R0324
S203M-C40UC,S203M-C40UC,ABB,Miniature circuit breaker,abb-s200-2CDC002142D0207.pdf,40 A,3,1 pcs,0.375 kg,2CDS273061R0404
S203M-C50UC,S203M-C50UC,ABB,Miniature circuit breaker,abb-s200-2CDC002142D0207.pdf,50 A,3,1 pcs,0.375 kg,2CDS273061R0504
S203M-C63UC,S203M-C63UC,ABB,Miniature circuit breaker,abb-s200-2CDC002142D0207.pdf,63 A,3,1 pcs,0.375 kg,2CDS273061R0634
S201M-K0.2UC,S201M-K0.2UC,ABB,Miniature circuit breaker,abb-s200-2CDC002142D0207.pdf,0.2 A,1,10 pcs,0.125 kg,2CDS271061R0087
S201M-K0.3UC,S201M-K0.3UC,ABB,Miniature circuit breaker,abb-s200-2CDC002142D0207.pdf,0.3 A,1,10 pcs,0.125 kg,2CDS271061R0117
S201M-K0.5UC,S201M-K0.5UC,ABB,Miniature circuit breaker,abb-s200-2CDC002142D0207.pdf,0.5 A,1,10 pcs,0.125 kg,2CDS271061R0157
S201M-K0.75UC,S201M-K0.75UC,ABB,Miniature circuit breaker,abb-s200-2CDC002142D0207.pdf,0.75 A,1P,10 pcs,0.125 kg,2CDS271061R0187
S201M-K1UC,S201M-K1UC,ABB,Miniature circuit breaker,abb-s200-2CDC002142D0207.pdf,1 A,1,10 pcs,0.125 kg,2CDS271061R0217
S201M-K1.6UC,S201M-K1.6UC,ABB,Miniature circuit breaker,abb-s200-2CDC002142D0207.pdf,6.1 A,1,10 pcs,0.125 kg,2CDS271061R0257
S201M-K2UC,S201M-K2UC,ABB,Miniature circuit breaker,abb-s200-2CDC002142D0207.pdf,2 A,1,10 pcs,0.125 kg,2CDS271061R0277
S201M-K3UC,S201M-K3UC,ABB,Miniature circuit breaker,abb-s200-2CDC002142D0207.pdf,3 A,1,10 pcs,0.125 kg,2CDS271061R0317
S201M-K4UC,S201M-K4UC,ABB,Miniature circuit breaker,abb-s200-2CDC002142D0207.pdf,4 A,1,Each,0.125 kg,2CDS271061R0337
S201M-K5UC,S201M-K5UC,ABB,Miniature circuit breaker,abb-s200-2CDC002142D0207.pdf,5 A,1,10 pcs,0.125 kg,2CDS271061R0357
S201M-K6UC,S201M-K6UC,ABB,Miniature circuit breaker,abb-s200-2CDC002142D0207.pdf,60 A,1,10 pcs,0.125 kg,2CDS271061R0377
S201M-K8UC,S201M-K8UC,ABB,Miniature circuit breaker,abb-s200-2CDC002142D0207.pdf,8 A,1,10 pcs,0.125 kg,2CDS271061R0407
S201M-K10UC,S201M-K10UC,ABB,Miniature circuit breaker,abb-s200-2CDC002142D0207.pdf,10 A,1,10 pcs,0.125 kg,2CDS271061R0427
S201M-K13UC,S201M-K13UC,ABB,Miniature circuit breaker,abb-s200-2CDC002142D0207.pdf,13 A,1,10 pcs,125 g,2CDS271061R0447
S201M-K15UC,S201M-K15UC,ABB,Miniature circuit breaker,abb-s200-2CDC002142D0207.pdf,15 A,1,10 pcs,0.125 kg,2CDS271061R0457
S201M-K16UC,S201M-K16UC,ABB,Miniature circuit breaker,abb-s200-2CDC002142D0207.pdf,16 A,1,10 pcs,0.125 kg,2CDS271061R0467
S201M-K20UC,S201M-K20UC,ABB,Miniature circuit breaker,abb-s200-2CDC002142D0207.pdf,02 A,1,10 pcs,0.125 kg,2CDS271061R0487
S201M-K25UC,S201M-K25UC,ABB,Miniature circuit breaker,abb-s200-2CDC002142D0207.pdf,25 A,1,10 pcs,0.125 kg,2CDS271061R0517
S201M-K30UC,S201M-K30UC,ABB,Miniature circuit breaker,abb-s200-2CDC002142D0207.pdf,30 A,1,10 pcs,0.125 kg,2CDS271061R0527
S201M-K32UC,S201M-K32UC,ABB,Miniature circuit breaker,abb-s200-2CDC002142D0207.pdf,32 A,1,10 pcs,0125 kg,2CDS271061R0537
S201M-K35UC,S201M-K35UC,ABB,Miniature circuit breaker,abb-s200-2CDC002142D0207.pdf,35 A,1,10 pcs,0125 kg,2CDS271061R0547
S201M-K40UC,S201M-K40UC,ABB,Miniature circuit breaker,abb-s200-2CDC002142D0207.pdf,40 A,1,10 pcs,0.125 kg,2CDS271061R0557
S201M-K50UC,S201M-K50UC,ABB,Miniature circuit breaker,abb-s200-2CDC002142D0207.pdf,50 A,1,10 pcs,0.125 kg,2CDS271061R0577
S201M-K60UC,S201M-K60UC,ABB,Miniature circuit breaker,abb-s200-2CDC002142D0207.pdf,,1,10 pcs,0.125 kg,2CDS271061R0587
S201M-K63UC,S201M-K63UC,ABB,Miniature circuit breaker,abb-s200-2CDC002142D0207.pdf,63 A,1,10 pcs,0.125 kg,2CDS271061R0607
S202M-K0.2UC,S202M-K0.2UC,ABB,Miniature circuit breaker,abb-s200-2CDC002142D0207.pdf,2.0 A,2,5 pcs,0.250 kg,2CDS272061R0087
S202M-K0.3UC,S202M-K0.3UC,ABB,Miniature circuit breaker,abb-s200-2CDC002142D0207.pdf,0.3 A,2,5 pcs,0.250 kg,2CDS272061R0117
S202M-K0.5UC,S202M-K0.5UC,ABB,Miniature circuit breaker,abb-s200-2CDC002142D0207.pdf,0.5 A,2P,5 pcs,0.250 kg,2CDS272061R0157
S202M-K0.75UC,S202M-K0.75UC,ABB,Miniature circuit breaker,abb-s200-2CDC002142D0207.pdf,0.75 A,2,5 pcs,0.250 kg,2CDS272061R0187
S202M-K1UC,S202M-K1UC,ABB,Miniature circuit breaker,abb-s200-2CDC002142D0207.pdf,1 A,2,5 pcs,0.250 kg,2CDS272061R0217
S202M-K1.6UC,S202M-K1.6UC,ABB,Miniature circuit breaker,abb-s200-2CDC002142D0207.pdf,1.6 A,2,5 pcs,0.250 kg,2CDS272061R0257
S202M-K2UC,S202M-K2UC,ABB,Miniature circuit breaker,abb-s200-2CDC002142D0207.pdf,20 A,2,5 pcs,0.250 kg,2CDS272061R0277
S202M-K3UC,S202M-K3UC,ABB,Miniature circuit breaker,abb-s200-2CDC002142D0207.pdf,3 A,2,5 pcs,0.250 kg,2CDS272061R0317
S202M-K4UC,S202M-K4UC,ABB,Miniature circuit breaker,abb-s200-2CDC002142D0207.pdf,4 A,2,5 pcs,0.250 kg,2CDS272061R0337
S202M-K5UC,S202M-K5UC,ABB,Miniature circuit breaker,abb-s200-2CDC002142D0207.pdf,5 A,2,5 pcs,0.250 kg,2CDS272061R0357
S202M-K6UC,S202M-K6UC,ABB,Miniature circuit breaker,abb-s200-2CDC002142D0207.pdf,6 A,2,5 pcs,0.250 kg,2CDS272061R0377
S202M-K8UC,S202M-K8UC,ABB,Miniature circuit breaker,abb-s200-2CDC002142D0207.pdf,8 A,2,5 pcs,0.250 kg,2CDS272061R0407
S202M-K10UC,S202M-K10UC,ABB,Miniature circuit breaker,abb-s200-2CDC002142D0207.pdf,10 A,2,5 pcs,0.250 kg,2CDS272061R0427
S202M-K13UC,S202M-K13UC,ABB,Miniature circuit breaker,abb-s200-2CDC002142D0207.pdf,13 A,2,5 pcs,0.250 kg,2CDS272061R0447
S202M-K15UC,S202M-K15UC,ABB,Miniature circuit breaker,abb-s200-2CDC002142D0207.pdf,15 A,2,5 pcs,0.250 kg,2CDS272061R0457
S202M-K16UC,S202M-K16UC,ABB,Miniature circuit breaker,abb-s200-2CDC002142D0207.pdf,61 A,2,5 pcs,0.250 kg,2CDS272061R0467
S202M-K20UC,S202M-K20UC,ABB,Miniature circuit breaker,abb-s200-2CDC002142D0207.pdf,20 A,2,5 pcs,0.250 kg,2CDS272061R0487
S202M-K25UC,S202M-K25UC,ABB,Miniature circuit breaker,abb-s200-2CDC002142D0207.pdf,25 A,2,5 pcs,0.250 kg,2CDS272061R0517
S202M-K30UC,S202M-K30UC,ABB,Miniature circuit breaker,abb-s200-2CDC002142D0207.pdf,30 A,2,5 pcs,0.250 kg,2CDS272061R0527
S202M-K32UC,S202M-K32UC,ABB,Miniature circuit breaker,abb-s200-2CDC002142D0207.pdf,32 A,2,5 pcs,0.250 kg,2CDS272061R0537
S202M-K35UC,S202M-K35UC,ABB,Miniature circuit breaker,abb-s200-2CDC002142D0207.pdf,35 A,2,5 pcs,0.250 kg,2CDS272061R0547
S202M-K40UC,S202M-K40UC,ABB,Miniature circuit breaker,abb-s200-2CDC002142D0207.pdf,40 A,2,5 pcs,0250 kg,2CDS272061R0557
S202M-K50UC,S202M-K50UC,ABB,Miniature circuit breaker,abb-s200-2CDC002142D0207.pdf,50 A,2,Each,0.250 kg,2CDS272061R0577
S202M-K60UC,S202M-K60UC,ABB,Miniature circuit breaker,abb-s200-2CDC002142D0207.pdf,60 A,2P,5 pcs,0.250 kg,2CDS272061R0587
S202M-K63UC,S202M-K63UC,ABB,Miniature circuit breaker,abb-s200-2CDC002142D0207.pdf,36 A,2,5 pcs,0.250 kg,2CDS272061R0607
S203M-K0.2UC,S203M-K0.2UC,ABB,Miniature circuit breaker,abb-s200-2CDC002142D0207.pdf,0.2 A,3,1 pcs,0.375 kg,2CDS273061R0087
S203M-K0.3UC,S203M-K0.3UC,ABB,Miniature circuit breaker,abb-s200-2CDC002142D0207.pdf,0.3 A,3,1 pcs,0.375 kg,2CDS273061R0117
S203M-K0.5UC,S203M-K0.5UC,ABB,Miniature circuit breaker,abb-s200-2CDC002142D0207.pdf,0.5 A,3,1 pcs,375 g,2CDS273061R0157
S203M-K0.75UC,S203M-K0.75UC,ABB,Miniature circuit breaker,abb-s200-2CDC002142D0207.pdf,0.75 A,3,1 pcs,0375 kg,2CDS273061R0187
S203M-K1UC,S203M-K1UC,ABB,Miniature circuit breaker,abb-s200-2CDC002142D0207.pdf,1 A,3,1 pcs,0.375 kg,2CDS273061R0217
S203M-K1.6UC,S203M-K1.6UC,ABB,Miniature circuit breaker,abb-s200-2CDC002142D0207.pdf,1.6 A,3,1 pcs,0.375 kg,2CDS273061R0257
S203M-K2UC,S203M-K2UC,ABB,Miniature circuit breaker,abb-s200-2CDC002142D0207.pdf,2 A,3,1 pcs,375 g,2CDS273061R0277
S203M-K3UC,S203M-K3UC,ABB,Miniature circuit breaker,abb-s200-2CDC002142D0207.pdf,3 A,3,1 pcs,0.375 kg,2CDS273061R0317
S203M-K4UC,S203M-K4UC,ABB,Miniature circuit breaker,abb-s200-2CDC002142D0207.pdf,4 A,3,Each,0.375 kg,2CDS273061R0337
S203M-K5UC,S203M-K5UC,ABB,Miniature circuit breaker,abb-s200-2CDC002142D0207.pdf,5 A,3,1 pcs,0.375 kg,2CDS273061R0357
S203M-K6UC,S203M-K6UC,ABB,Miniature circuit breaker,abb-s200-2CDC002142D0207.pdf,6 A,3,1 pcs,0.375 kg,2CDS273061R0377
S203M-K8UC,S203M-K8UC,ABB,Miniature circuit breaker,abb-s200-2CDC002142D0207.pdf,8 A,3,1 pcs,0.375 kg,2CDS273061R0407
S203M-K10UC,S203M-K10UC,ABB,Miniature circuit breaker,abb-s200-2CDC002142D0207.pdf,10 A,3P,1 pcs,0.375 kg,2CDS273061R0427
S203M-K13UC,S203M-K13UC,ABB,Miniature circuit breaker,abb-s200-2CDC002142D0207.pdf,13 A,3,1 pcs,0.375 kg,2CDS273061R0447
S203M-K15UC,S203M-K15UC,ABB,Miniature circuit breaker,abb-s200-2CDC002142D0207.pdf,15 A,3,1 pcs,0.375 kg,2CDS273061R0457
S203M-K16UC,S203M-K16UC,ABB,Miniature circuit breaker,abb-s200-2CDC002142D0207.pdf,16 A,3,1 pcs,0.375 kg,2CDS273061R0467
S203M-K20UC,S203M-K20UC,ABB,Miniature circuit breaker,abb-s200-2CDC002142D0207.pdf,20 A,3,1 pcs,0.375 kg,2CDS273061R0487
S203M-K25UC,S203M-K25UC,ABB,Miniature circuit breaker,abb-s200-2CDC002142D0207.pdf,25 A,3,1 pcs,0.375 kg,2CDS273061R0517
S203M-K30UC,S203M-K30UC,ABB,Miniature circuit breaker,abb-s200-2CDC002142D0207.pdf,30 A,3,1 pcs,375 g,2CDS273061R0527
S203M-K32UC,S203M-K32UC,ABB,Miniature circuit breaker,abb-s200-2CDC002142D0207.pdf,32 A,3,1 pcs,0.375 kg,2CDS273061R0537
S203M-K35UC,S203M-K35UC,ABB,Miniature circuit breaker,abb-s200-2CDC002142D0207.pdf,35 A,3,1 pcs,0.375 kg,2CDS273061R0547
S203M-K40UC,S203M-K40UC,ABB,Miniature circuit breaker,abb-s200-2CDC002142D0207.pdf,40 A,3,1 pcs,0.375 kg,2CDS273061R0557
S203M-K50UC,S203M-K50UC,ABB,Miniature circuit breaker,abb-s200-2CDC002142D0207.pdf,05 A,3,1 pcs,0.375 kg,2CDS273061R0577
S203M-K60UC,S203M-K60UC,ABB,Miniature circuit breaker,abb-s200-2CDC002142D0207.pdf,60 A,3,1 pcs,0.375 kg,2CDS273061R0587
S203M-K63UC,S203M-K63UC,ABB,Miniature circuit breaker,abb-s200-2CDC002142D0207.pdf,,3,1 pcs,0.375 kg,2CDS273061R0607
S204M-K0.2UC,S204M-K0.2UC,ABB,Miniature circuit breaker,abb-s200-2CDC002142D0207.pdf,0.2 A,4,1 pcs,0.500 kg,2CDS274061R0087
S204M-K0.3UC,S204M-K0.3UC,ABB,Miniature circuit breaker,abb-s200-2CDC002142D0207.pdf,0.3 A,4,1 pcs,0.500 kg,2CDS274061R0117
S204M-K0.5UC,S204M-K0.5UC,ABB,Miniature circuit breaker,abb-s200-2CDC002142D0207.pdf,0.5 A,4,1 pcs,0.500 kg,2CDS274061R0157
S204M-K0.75UC,S204M-K0.75UC,ABB,Miniature circuit breaker,abb-s200-2CDC002142D0207.pdf,0.75 A,4,1 pcs,0.500 kg,2CDS274061R0187
S204M-K1UC,S204M-K1UC,ABB,Miniature circuit breaker,abb-s200-2CDC002142D0207.pdf,1 A,4,1 pcs,0.500 kg,2CDS274061R0217
S204M-K1.6UC,S204M-K1.6UC,ABB,Miniature circuit breaker,abb-s200-2CDC002142D0207.pdf,1.6 A,4,1 pcs,0500 kg,2CDS274061R0257
S204M-K2UC,S204M-K2UC,ABB,Miniature circuit breaker,abb-s200-2CDC002142D0207.pdf,20 A,4,1 pcs,0.500 kg,2CDS274061R0277
S204M-K3UC,S204M-K3UC,ABB,Miniature circuit breaker,abb-s200-2CDC002142D0207.pdf,,4,1 pcs,0.500 kg,2CDS274061R0317
S204M-K4UC,S204M-K4UC,ABB,Miniature circuit breaker,abb-s200-2CDC002142D0207.pdf,4 A,4,1 pcs,0.500 kg,2CDS274061R0337
S204M-K5UC,S204M-K5UC,ABB,Miniature circuit breaker,abb-s200-2CDC002142D0207.pdf,5 A,4,1 pcs,0.500 kg,2CDS274061R0357
S204M-K6UC,S204M-K6UC,ABB,Miniature circuit breaker,abb-s200-2CDC002142D0207.pdf,6 A,4,1 pcs,0.500 kg,2CDS274061R0377
S204M-K8UC,S204M-K8UC,ABB,Miniature circuit breaker,abb-s200-2CDC002142D0207.pdf,80 A,4,1 pcs,0.500 kg,2CDS274061R0407
S204M-K10UC,S204M-K10UC,ABB,Miniature circuit breaker,abb-s200-2CDC002142D0207.pdf,01 A,4,1 pcs,0.500 kg,2CDS274061R0427
S204M-K13UC,S204M-K13UC,ABB,Miniature circuit breaker,abb-s200-2CDC002142D0207.pdf,13 A,4,1 pcs,0.500 kg,2CDS274061R0447
S204M-K15UC,S204M-K15UC,ABB,Miniature circuit breaker,abb-s200-2CDC002142D0207.pdf,51 A,4,1 pcs,0.500 kg,2CDS274061R0457
S204M-K16UC,S204M-K16UC,ABB,Miniature circuit breaker,abb-s200-2CDC002142D0207.pdf,16 A,4,1 pcs,0.500 kg,2CDS274061R0467
S204M-K20UC,S204M-K20UC,ABB,Miniature circuit breaker,abb-s200-2CDC002142D0207.pdf,20 A,4P,1 pcs,0.500 kg,2CDS274061R0487
S204M-K25UC,S204M-K25UC,ABB,Miniature circuit breaker,abb-s200-2CDC002142D0207.pdf,25 A,4,1 pcs,0.500 kg,2CDS274061R0517
S204M-K30UC,S204M-K30UC,ABB,Miniature circuit breaker,abb-s200-2CDC002142D0207.pdf,03 A,4,1 pcs,0.500 kg,2CDS274061R0527
S204M-K32UC,S204M-K32UC,ABB,Miniature circuit breaker,abb-s200-2CDC002142D0207.pdf,23 A,4,1 pcs,0.500 kg,2CDS274061R0537
S204M-K35UC,S204M-K35UC,ABB,Miniature circuit breaker,abb-s200-2CDC002142D0207.pdf,35 A,4,1 pcs,0.500 kg,2CDS274061R0547
S204M-K40UC,S204M-K40UC,ABB,Miniature circuit breaker,abb-s200-2CDC002142D0207.pdf,40 A,4,1 pcs,0.500 kg,2CDS274061R0557
S204M-K50UC,S204M-K50UC,ABB,Miniature circuit breaker,abb-s200-2CDC002142D0207.pdf,50 A,4,1 pcs,0.500 kg,2CDS274061R0577
S204M-K60UC,S204M-K60UC,ABB,Miniature circuit breaker,abb-s200-2CDC002142D0207.pdf,60 A,4,1 pcs,0.500 kg,2CDS274061R0587
S204M-K63UC,S204M-K63UC,ABB,Miniature circuit breaker,abb-s200-2CDC002142D0207.pdf,63 A,4,1 pcs,0.500 kg,2CDS274061R0607
S201M-Z0.5UC,S201M-Z0.5UC,ABB,Miniature circuit breaker,abb-s200-2CDC002142D0207.pdf,0.5 A,1,10 pcs,0.125 kg,2CDS271061R0158
S201M-Z1UC,S201M-Z1UC,ABB,Miniature circuit breaker,abb-s200-2CDC002142D0207.pdf,1 A,1,10 pcs,0.125 kg,2CDS271061R0218
S201M-Z1.6UC,S201M-Z1.6UC,ABB,Miniature circuit breaker,abb-s200-2CDC002142D0207.pdf,6.1 A,1,10 pcs,0.125 kg,2CDS271061R0258
S201M-Z2UC,S201M-Z2UC,ABB,Miniature circuit breaker,abb-s200-2CDC002142D0207.pdf,2 A,1,10 pcs,0.125 kg,2CDS271061R0278
S201M-Z3UC,S201M-Z3UC,ABB,Miniature circuit breaker,abb-s200-2CDC002142D0207.pdf,3 A,1,10 pcs,0.125 kg,2CDS271061R0318
S201M-Z4UC,S201M-Z4UC,ABB,Miniature circuit breaker,abb-s200-2CDC002142D0207.pdf,4 A,1,10 pcs,0.125 kg,2CDS271061R0338
S201M-Z5UC,S201M-Z5UC,ABB,Miniature circuit breaker,abb-s200-2CDC002142D0207.pdf,5 A,1,10 pcs,0.125 kg,2CDS271061R0358
S201M-Z6UC,S201M-Z6UC,ABB,Miniature circuit breaker,abb-s200-2CDC002142D0207.pdf,6 A,1,10 pcs,125 g,2CDS271061R0378
S201M-Z8UC,S201M-Z8UC,ABB,Miniature circuit breaker,abb-s200-2CDC002142D0207.pdf,8 A,1,10 pcs,0.125 kg,2CDS271061R0408
S201M-Z10UC,S201M-Z10UC,ABB,Miniature circuit breaker,abb-s200-2CDC002142D0207.pdf,10 A,1,10 pcs,125 g,2CDS271061R0428
S201M-Z15UC,S201M-Z15UC,ABB,Miniature circuit breaker,abb-s200-2CDC002142D0207.pdf,15 A,1,10 pcs,0.125 kg,2CDS271061R0458
S201M-Z16UC,S201M-Z16UC,ABB,Miniature circuit breaker,abb-s200-2CDC002142D0207.pdf,16 A,1,Each,0.125 kg,2CDS271061R0468
S201M-Z20UC,S201M-Z20UC,ABB,Miniature circuit breaker,abb-s200-2CDC002142D0207.pdf,20 A,1,10 pcs,0.125 kg,2CDS271061R0488
S201M-Z25UC,S201M-Z25UC,ABB,Miniature circuit breaker,abb-s200-2CDC002142D0207.pdf,25 A,1,10 pcs,0.125 kg,2CDS271061R0518
S201M-Z30UC,S201M-Z30UC,ABB,Miniature circuit breaker,abb-s200-2CDC002142D0207.pdf,30 A,1,10 pcs,0.125 kg,2CDS271061R0528
S201M-Z32UC,S201M-Z32UC,ABB,Miniature circuit breaker,abb-s200-2CDC002142D0207.pdf,32 A,1,Each,0.125 kg,2CDS271061R0538
S201M-Z35UC,S201M-Z35UC,ABB,Miniature circuit breaker,abb-s200-2CDC002142D0207.pdf,35 A,1,10 pcs,0.125 kg,2CDS271061R0548
S201M-Z40UC,S201M-Z40UC,ABB,Miniature circuit breaker,abb-s200-2CDC002142D0207.pdf,04 A,1,10 pcs,0.125 kg,2CDS271061R0558
S201M-Z50UC,S201M-Z50UC,ABB,Miniature circuit breaker,abb-s200-2CDC002142D0207.pdf,50 A,1,10 pcs,0.125 kg,2CDS271061R0578
S201M-Z60UC,S201M-Z60UC,ABB,Miniature circuit breaker,abb-s200-2CDC002142D0207.pdf,60 A,1,10 pcs,0.125 kg,2CDS271061R0588
S201M-Z63UC,S201M-Z63UC,ABB,Miniature circuit breaker,abb-s200-2CDC002142D0207.pdf,36 A,1,10 pcs,0.125 kg,2CDS271061R0608
S202M-Z0.5UC,S202M-Z0.5UC,ABB,Miniature circuit breaker,abb-s200-2CDC002142D0207.pdf,,2,5 pcs,0.250 kg,2CDS272061R0158
S202M-Z1UC,S202M-Z1UC,ABB,Miniature circuit breaker,abb-s200-2CDC002142D0207.pdf,1 A,2,5 pcs,0250 kg,2CDS272061R0218
S202M-Z1.6UC,S202M-Z1.6UC,ABB,Miniature circuit breaker,abb-s200-2CDC002142D0207.pdf,1.6 A,2,5 pcs,0.250 kg,2CDS272061R0258
S202M-Z2UC,S202M-Z2UC,ABB,Miniature circuit breaker,abb-s200-2CDC002142D0207.pdf,2 A,2,5 pcs,0250 kg,2CDS272061R0278
S202M-Z3UC,S202M-Z3UC,ABB,Miniature circuit breaker,abb-s200-2CDC002142D0207.pdf,30 A,2,5 pcs,0.250 kg,2CDS272061R0318
S202M-Z4UC,S202M-Z4UC,ABB,Miniature circuit breaker,abb-s200-2CDC002142D0207.pdf,4 A,2,5 pcs,0.250 kg,2CDS272061R0338
S202M-Z5UC,S202M-Z5UC,ABB,Miniature circuit breaker,abb-s200-2CDC002142D0207.pdf,,2,5 pcs,0.250 kg,2CDS272061R0358
S202M-Z6UC,S202M-Z6UC,ABB,Miniature circuit breaker,abb-s200-2CDC002142D0207.pdf,6 A,2,Each,0.250 kg,2CDS272061R0378
S202M-Z8UC,S202M-Z8UC,ABB,Miniature circuit breaker,abb-s200-2CDC002142D0207.pdf,8 A,2,5 pcs,0.250 kg,2CDS272061R0408
S202M-Z10UC,S202M-Z10UC,ABB,Miniature circuit breaker,abb-s200-2CDC002142D0207.pdf,10 A,2,5 pcs,250 g,2CDS272061R0428
S202M-Z15UC,S202M-Z15UC,ABB,Miniature circuit breaker,abb-s200-2CDC002142D0207.pdf,51 A,2,5 pcs,0.250 kg,2CDS272061R0458
S202M-Z16UC,S202M-Z16UC,ABB,Miniature circuit breaker,abb-s200-2CDC002142D0207.pdf,16 A,2,5 pcs,0.250 kg,2CDS272061R0468
S202M-Z20UC,S202M-Z20UC,ABB,Miniature circuit breaker,abb-s200-2CDC002142D0207.pdf,20 A,2,5 pcs,0.250 kg,2CDS272061R0488
S202M-Z25UC,S202M-Z25UC,ABB,Miniature circuit breaker,abb-s200-2CDC002142D0207.pdf,25 A,2,5 pcs,0.250 kg,2CDS272061R0518
S202M-Z30UC,S202M-Z30UC,ABB,Miniature circuit breaker,abb-s200-2CDC002142D0207.pdf,30 A,2,5 pcs,0.250 kg,2CDS272061R0528
S202M-Z32UC,S202M-Z32UC,ABB,Miniature circuit breaker,abb-s200-2CDC002142D0207.pdf,23 A,2,5 pcs,0.250 kg,2CDS272061R0538
S202M-Z35UC,S202M-Z35UC,ABB,Miniature circuit breaker,abb-s200-2CDC002142D0207.pdf,35 A,2P,5 pcs,0.250 kg,2CDS272061R0548
S202M-Z40UC,S202M-Z40UC,ABB,Miniature circuit breaker,abb-s200-2CDC002142D0207.pdf,40 A,2,5 pcs,0.250 kg,2CDS272061R0558
S202M-Z50UC,S202M-Z50UC,ABB,Miniature circuit breaker,abb-s200-2CDC002142D0207.pdf,50 A,2,5 pcs,0.250 kg,2CDS272061R0578
S202M-Z60UC,S202M-Z60UC,ABB,Miniature circuit breaker,abb-s200-2CDC002142D0207.pdf,60 A,2,5 pcs,0.250 kg,2CDS272061R0588
S202M-Z63UC,S202M-Z63UC,ABB,Miniature circuit breaker,abb-s200-2CDC002142D0207.pdf,63 A,2,5 pcs,0.250 kg,2CDS272061R0608
S203M-Z0.5UC,S203M-Z0.5UC,ABB,Miniature circuit breaker,abb-s200-2CDC002142D0207.pdf,0.5 A,3,1 pcs,0.375 kg,2CDS273061R0158
S203M-Z1UC,S203M-Z1UC,ABB,Miniature circuit breaker,abb-s200-2CDC002142D0207.pdf,1 A,3,1 pcs,0.375 kg,2CDS273061R0218
S203M-Z1.6UC,S203M-Z1.6UC,ABB,Miniature circuit breaker,abb-s200-2CDC002142D0207.pdf,1.6 A,3P,1 pcs,0.375 kg,2CDS273061R0258
S203M-Z2UC,S203M-Z2UC,ABB,Miniature circuit breaker,abb-s200-2CDC002142D0207.pdf,2 A,3,1 pcs,0.375 kg,2CDS273061R0278
S203M-Z3UC,S203M-Z3UC,ABB,Miniature circuit breaker,abb-s200-2CDC002142D0207.pdf,3 A,3,1 pcs,0.375 kg,2CDS273061R0318
S203M-Z4UC,S203M-Z4UC,ABB,Miniature circuit breaker,abb-s200-2CDC002142D0207.pdf,4 A,3,1 pcs,0.375 kg,2CDS273061R0338
S203M-Z5UC,S203M-Z5UC,ABB,Miniature circuit breaker,abb-s200-2CDC002142D0207.pdf,5 A,3,1 pcs,0.375 kg,2CDS273061R0358
S203M-Z6UC,S203M-Z6UC,ABB,Miniature circuit breaker,abb-s200-2CDC002142D0207.pdf,6 A,3,1 pcs,0.375 kg,2CDS273061R0378
S203M-Z8UC,S203M-Z8UC,ABB,Miniature circuit breaker,abb-s200-2CDC002142D0207.pdf,8 A,3,1 pcs,0.375 kg,2CDS273061R0408
S203M-Z10UC,S203M-Z10UC,ABB,Miniature circuit breaker,abb-s200-2CDC002142D0207.pdf,10 A,3,1 pcs,0.375 kg,2CDS273061R0428
S203M-Z15UC,S203M-Z15UC,ABB,Miniature circuit breaker,abb-s200-2CDC002142D0207.pdf,15 A,3,1 pcs,0.375 kg,2CDS273061R0458
S203M-Z16UC,S203M-Z16UC,ABB,Miniature circuit breaker,abb-s200-2CDC002142D0207.pdf,16 A,3,1 pcs,0.375 kg,2CDS273061R0468
S203M-Z20UC,S203M-Z20UC,ABB,Miniature circuit breaker,abb-s200-2CDC002142D0207.pdf,20 A,3,1 pcs,375 g,2CDS273061R0488
S203M-Z25UC,S203M-Z25UC,ABB,Miniature circuit breaker,abb-s200-2CDC002142D0207.pdf,25 A,3,1 pcs,0.375 kg,2CDS273061R0518
S203M-Z30UC,S203M-Z30UC,ABB,Miniature circuit breaker,abb-s200-2CDC002142D0207.pdf,30 A,3,1 pcs,0.375 kg,2CDS273061R0528
S203M-Z32UC,S203M-Z32UC,ABB,Miniature circuit breaker,abb-s200-2CDC002142D0207.pdf,32 A,3,1 pcs,0.375 kg,2CDS273061R0538
S203M-Z35UC,S203M-Z35UC,ABB,Miniature circuit breaker,abb-s200-2CDC002142D0207.pdf,35 A,3,1 pcs,0.375 kg,2CDS273061R0548
S203M-Z40UC,S203M-Z40UC,ABB,Miniature circuit breaker,abb-s200-2CDC002142D0207.pdf,40 A,3,1 pcs,0.375 kg,2CDS273061R0558
S203M-Z50UC,S203M-Z50UC,ABB,Miniature circuit breaker,abb-s200-2CDC002142D0207.pdf,50 A,3,1 pcs,0.375 kg,2CDS273061R0578
S203M-Z60UC,S203M-Z60UC,ABB,Miniature circuit breaker,abb-s200-2CDC002142D0207.pdf,60 A,3,1 pcs,0.375 kg,2CDS273061R0588
S203M-Z63UC,S203M-Z63UC,ABB,Miniature circuit breaker,abb-s200-2CDC002142D0207.pdf,63 A,3,1 pcs,0.375 kg,2CDS273061R0608
S204M-Z0.5UC,S204M-Z0.5UC,ABB,Miniature circuit breaker,abb-s200-2CDC002142D0207.pdf,5.0 A,4,1 pcs,0.500 kg,2CDS274061R0158
S204M-Z1UC,S204M-Z1UC,ABB,Miniature circuit breaker,abb-s200-2CDC002142D0207.pdf,1 A,4,1 pcs,500 g,2CDS274061R0218
S204M-Z1.6UC,S204M-Z1.6UC,ABB,Miniature circuit breaker,abb-s200-2CDC002142D0207.pdf,1.6 A,4,1 pcs,0500 kg,2CDS274061R0258
S204M-Z2UC,S204M-Z2UC,ABB,Miniature circuit breaker,abb-s200-2CDC002142D0207.pdf,2 A,4P,1 pcs,0.500 kg,2CDS274061R0278
S204M-Z3UC,S204M-Z3UC,ABB,Miniature circuit breaker,abb-s200-2CDC002142D0207.pdf,3 A,4,1 pcs,0.500 kg,2CDS274061R0318
S204M-Z4UC,S204M-Z4UC,ABB,Miniature circuit breaker,abb-s200-2CDC002142D0207.pdf,4 A,4P,1 pcs,0.500 kg,2CDS274061R0338
S204M-Z5UC,S204M-Z5UC,ABB,Miniature circuit breaker,abb-s200-2CDC002142D0207.pdf,50 A,4,1 pcs,0.500 kg,2CDS274061R0358
S204M-Z6UC,S204M-Z6UC,ABB,Miniature circuit breaker,abb-s200-2CDC002142D0207.pdf,6 A,4,1 pcs,0.500 kg,2CDS274061R0378
S204M-Z8UC,S204M-Z8UC,ABB,Miniature circuit breaker,abb-s200-2CDC002142D0207.pdf,8 A,4,1 pcs,0500 kg,2CDS274061R0408
S204M-Z10UC,S204M-Z10UC,ABB,Miniature circuit breaker,abb-s200-2CDC002142D0207.pdf,10 A,4P,1 pcs,0.500 kg,2CDS274061R0428
S204M-Z15UC,S204M-Z15UC,ABB,Miniature circuit breaker,abb-s200-2CDC002142D0207.pdf,51 A,4,1 pcs,0.500 kg,2CDS274061R0458
S204M-Z16UC,S204M-Z16UC,ABB,Miniature circuit breaker,abb-s200-2CDC002142D0207.pdf,16 A,4P,1 pcs,0.500 kg,2CDS274061R0468
S204M-Z20UC,S204M-Z20UC,ABB,Miniature circuit breaker,abb-s200-2CDC002142D0207.pdf,20 A,4,1 pcs,0.500 kg,2CDS274061R0488
S204M-Z25UC,S204M-Z25UC,ABB,Miniature circuit breaker,abb-s200-2CDC002142D0207.pdf,25 A,4,1 pcs,0.500 kg,2CDS274061R0518
S204M-Z30UC,S204M-Z30UC,ABB,Miniature circuit breaker,abb-s200-2CDC002142D0207.pdf,30 A,4,1 pcs,0.500 kg,2CDS274061R0528
S204M-Z32UC,S204M-Z32UC,ABB,Miniature circuit breaker,abb-s200-2CDC002142D0207.pdf,32 A,4P,1 pcs,0.500 kg,2CDS274061R0538
S204M-Z35UC,S204M-Z35UC,ABB,Miniature circuit breaker,abb-s200-2CDC002142D0207.pdf,35 A,4P,1 pcs,0.500 kg,2CDS274061R0548
S204M-Z40UC,S204M-Z40UC,ABB,Miniature circuit breaker,abb-s200-2CDC002142D0207.pdf,04 A,4,1 pcs,0.500 kg,2CDS274061R0558
S204M-Z50UC,S204M-Z50UC,ABB,Miniature circuit breaker,abb-s200-2CDC002142D0207.pdf,50 A,4,1 pcs,0.500 kg,2CDS274061R0578
S204M-Z60UC,S204M-Z60UC,ABB,Miniature circuit breaker,abb-s200-2CDC002142D0207.pdf,60 A,4,1 pcs,0.500 kg,2CDS274061R0588
S204M-Z63UC,S204M-Z63UC,ABB,Miniature circuit breaker,abb-s200-2CDC002142D0207.pdf,63 A,4,Each,0.500 kg,2CDS274061R0608
S201M-B100UC,S201M-B100UC,ABB,Miniature circuit breaker,abb-s200-2CDC002142D0207.pdf,100 A,1,10 pcs,0.125 kg,2CDS271061R1005
S201MUC-K0.2,S201MUC-K0.2,ABB,Miniature circuit breaker,abb-s200muc-1SXP403008B0202.pdf,0.2 A,1,10 pcs,0.125 kg,2CDS271061R0009
S201M-B16UC-NODOC,S201M-B16UC-NODOC,ABB,Miniature circuit breaker,abb-s200-does-not-exist.pdf,16 A,1,10 pcs,0.125 kg,2CDS271061R0165
